,heur,n_filmes,n_categorias,tempo_ex,n_assistidos;;;;;;;;;;;
0,aleat,1,1,0.0029584940002678195,1;;;;;;;;;;;
0,aleat,1,2,0.0018211990000054357,1;;;;;;;;;;;
0,aleat,1,3,0.0016664359995957057,1;;;;;;;;;;;
0,aleat,1,4,0.0016049710002334905,1;;;;;;;;;;;
0,aleat,1,5,0.0015812679998816748,1;;;;;;;;;;;
0,aleat,2,1,0.0016322659998877498,1;;;;;;;;;;;
0,aleat,2,2,0.0015245499998854939,1;;;;;;;;;;;
0,aleat,2,3,0.0015548249998573738,1;;;;;;;;;;;
0,aleat,2,4,0.0015427150001414702,2;;;;;;;;;;;
0,aleat,2,5,0.0015606510000907292,2;;;;;;;;;;;
0,aleat,3,1,0.0015410830001201248,1;;;;;;;;;;;
0,aleat,3,2,0.0015685319999647618,2;;;;;;;;;;;
0,aleat,3,3,0.0016549900001336937,2;;;;;;;;;;;
0,aleat,3,4,0.0015338749999500578,1;;;;;;;;;;;
0,aleat,3,5,0.0017233900002793234,2;;;;;;;;;;;
0,aleat,4,1,0.0015456149999408808,1;;;;;;;;;;;
0,aleat,4,2,0.0015531869998994807,3;;;;;;;;;;;
0,aleat,4,3,0.0015422649998981797,2;;;;;;;;;;;
0,aleat,4,4,0.001630323999961547,3;;;;;;;;;;;
0,aleat,4,5,0.0015291690001504321,3;;;;;;;;;;;
0,aleat,5,1,0.0016257170000244514,1;;;;;;;;;;;
0,aleat,5,2,0.0015306119998967915,3;;;;;;;;;;;
0,aleat,5,3,0.0016321550001521246,2;;;;;;;;;;;
0,aleat,5,4,0.0015431219999300083,2;;;;;;;;;;;
0,aleat,5,5,0.0028544040001179383,3;;;;;;;;;;;
0,aleat,6,1,0.0019676759998219495,1;;;;;;;;;;;
0,aleat,6,2,0.0021888609999223263,3;;;;;;;;;;;
0,aleat,6,3,0.0021451429997796367,3;;;;;;;;;;;
0,aleat,6,4,0.001682921999872633,3;;;;;;;;;;;
0,aleat,6,5,0.002834204000009777,3;;;;;;;;;;;
0,aleat,7,1,0.001592995000009978,1;;;;;;;;;;;
0,aleat,7,2,0.0015499320002163586,3;;;;;;;;;;;
0,aleat,7,3,0.0015482280000469473,4;;;;;;;;;;;
0,aleat,7,4,0.0015400070001305721,3;;;;;;;;;;;
0,aleat,7,5,0.0015304040002774855,4;;;;;;;;;;;
0,aleat,8,1,0.002198569000029238,1;;;;;;;;;;;
0,aleat,8,2,0.003008558000146877,2;;;;;;;;;;;
0,aleat,8,3,0.0020822089995817805,5;;;;;;;;;;;
0,aleat,8,4,0.00149934499995652,4;;;;;;;;;;;
0,aleat,8,5,0.0015060569999150175,3;;;;;;;;;;;
0,aleat,9,1,0.0015641139998479048,1;;;;;;;;;;;
0,aleat,9,2,0.0015444739997292345,3;;;;;;;;;;;
0,aleat,9,3,0.0015400440001940296,2;;;;;;;;;;;
0,aleat,9,4,0.0015662619998693117,4;;;;;;;;;;;
0,aleat,9,5,0.001554242999645794,4;;;;;;;;;;;
0,aleat,10,1,0.0015538519996880495,1;;;;;;;;;;;
0,aleat,10,2,0.0015133399997466768,3;;;;;;;;;;;
0,aleat,10,3,0.0015445429999090265,5;;;;;;;;;;;
0,aleat,10,4,0.0016545070002393913,5;;;;;;;;;;;
0,aleat,10,5,0.0016058830001384194,4;;;;;;;;;;;
0,aleat,11,1,0.001603666999926645,1;;;;;;;;;;;
0,aleat,11,2,0.0015537790000053064,3;;;;;;;;;;;
0,aleat,11,3,0.0015482190001421259,2;;;;;;;;;;;
0,aleat,11,4,0.001571725999838236,4;;;;;;;;;;;
0,aleat,11,5,0.0015888019997873926,5;;;;;;;;;;;
0,aleat,12,1,0.0015848119996917376,1;;;;;;;;;;;
0,aleat,12,2,0.0015447829996446671,3;;;;;;;;;;;
0,aleat,12,3,0.0015549119998468086,5;;;;;;;;;;;
0,aleat,12,4,0.001580273999934434,5;;;;;;;;;;;
0,aleat,12,5,0.0015400170000248181,6;;;;;;;;;;;
0,aleat,13,1,0.001550383999983751,1;;;;;;;;;;;
0,aleat,13,2,0.0015798300000824383,4;;;;;;;;;;;
0,aleat,13,3,0.001694752000275912,4;;;;;;;;;;;
0,aleat,13,4,0.001687688999936654,4;;;;;;;;;;;
0,aleat,13,5,0.0016837900002428796,3;;;;;;;;;;;
0,aleat,14,1,0.0015661709999221785,1;;;;;;;;;;;
0,aleat,14,2,0.0016633519999231794,3;;;;;;;;;;;
0,aleat,14,3,0.0015749350000078266,5;;;;;;;;;;;
0,aleat,14,4,0.0016775310000411991,5;;;;;;;;;;;
0,aleat,14,5,0.0015820199996596784,6;;;;;;;;;;;
0,aleat,15,1,0.0015718849999757367,1;;;;;;;;;;;
0,aleat,15,2,0.001645375999942189,3;;;;;;;;;;;
0,aleat,15,3,0.002144843000223773,5;;;;;;;;;;;
0,aleat,15,4,0.0024580539998169115,5;;;;;;;;;;;
0,aleat,15,5,0.00330142499979047,5;;;;;;;;;;;
0,aleat,16,1,0.0015559240000584396,1;;;;;;;;;;;
0,aleat,16,2,0.0015590439998049987,3;;;;;;;;;;;
0,aleat,16,3,0.001557286000206659,4;;;;;;;;;;;
0,aleat,16,4,0.0016564419997848745,5;;;;;;;;;;;
0,aleat,16,5,0.0016159940000761708,4;;;;;;;;;;;
0,aleat,17,1,0.0015289709999706247,1;;;;;;;;;;;
0,aleat,17,2,0.0015685440002926043,3;;;;;;;;;;;
0,aleat,17,3,0.0016675820002092223,5;;;;;;;;;;;
0,aleat,17,4,0.0015583929998683743,5;;;;;;;;;;;
0,aleat,17,5,0.0015636060002179875,6;;;;;;;;;;;
0,aleat,18,1,0.001656110000112676,1;;;;;;;;;;;
0,aleat,18,2,0.0015554090000478027,2;;;;;;;;;;;
0,aleat,18,3,0.001616320000266569,4;;;;;;;;;;;
0,aleat,18,4,0.0015683400001762493,4;;;;;;;;;;;
0,aleat,18,5,0.0015999809997992998,6;;;;;;;;;;;
0,aleat,19,1,0.0015420310000990867,1;;;;;;;;;;;
0,aleat,19,2,0.001615485999991506,3;;;;;;;;;;;
0,aleat,19,3,0.0016630270001769532,4;;;;;;;;;;;
0,aleat,19,4,0.001730410000163829,3;;;;;;;;;;;
0,aleat,19,5,0.0015664069997001207,6;;;;;;;;;;;
0,aleat,20,1,0.0017158030000246072,1;;;;;;;;;;;
0,aleat,20,2,0.0016081270000540826,4;;;;;;;;;;;
0,aleat,20,3,0.0017590209999980289,4;;;;;;;;;;;
0,aleat,20,4,0.0016167720000339614,5;;;;;;;;;;;
0,aleat,20,5,0.0018386040001132642,5;;;;;;;;;;;
0,aleat,21,1,0.0015756180000607856,1;;;;;;;;;;;
0,aleat,21,2,0.0017192569998769613,4;;;;;;;;;;;
0,aleat,21,3,0.001573569000356656,4;;;;;;;;;;;
0,aleat,21,4,0.0017397779997736507,5;;;;;;;;;;;
0,aleat,21,5,0.0016372959998989245,5;;;;;;;;;;;
0,aleat,22,1,0.0016584350000812265,1;;;;;;;;;;;
0,aleat,22,2,0.0016305500002999906,4;;;;;;;;;;;
0,aleat,22,3,0.001554617999772745,4;;;;;;;;;;;
0,aleat,22,4,0.0015671219998694141,5;;;;;;;;;;;
0,aleat,22,5,0.0015680390001762134,5;;;;;;;;;;;
0,aleat,23,1,0.0030964019997554715,1;;;;;;;;;;;
0,aleat,23,2,0.0021157229998607363,3;;;;;;;;;;;
0,aleat,23,3,0.0022285850000116625,3;;;;;;;;;;;
0,aleat,23,4,0.003297811999800615,6;;;;;;;;;;;
0,aleat,23,5,0.0020308709999881103,5;;;;;;;;;;;
0,aleat,24,1,0.003157110999836732,1;;;;;;;;;;;
0,aleat,24,2,0.0024137899999914225,4;;;;;;;;;;;
0,aleat,24,3,0.0032881399997677363,3;;;;;;;;;;;
0,aleat,24,4,0.0030921120001039526,5;;;;;;;;;;;
0,aleat,24,5,0.0028455270003178157,6;;;;;;;;;;;
0,aleat,25,1,0.002838571999745909,1;;;;;;;;;;;
0,aleat,25,2,0.002636918999996851,2;;;;;;;;;;;
0,aleat,25,3,0.0028132409997851937,4;;;;;;;;;;;
0,aleat,25,4,0.0023316609999710636,5;;;;;;;;;;;
0,aleat,25,5,0.0038235239999266923,4;;;;;;;;;;;
0,aleat,26,1,0.0028142790001766116,1;;;;;;;;;;;
0,aleat,26,2,0.0029772339998999087,4;;;;;;;;;;;
0,aleat,26,3,0.0037508129998968798,5;;;;;;;;;;;
0,aleat,26,4,0.001971618999959901,6;;;;;;;;;;;
0,aleat,26,5,0.004189945999769407,6;;;;;;;;;;;
0,aleat,27,1,0.003007361000072706,1;;;;;;;;;;;
0,aleat,27,2,0.0030314939999698254,4;;;;;;;;;;;
0,aleat,27,3,0.0032698619997972855,5;;;;;;;;;;;
0,aleat,27,4,0.003053845999602345,6;;;;;;;;;;;
0,aleat,27,5,0.002820486000018718,5;;;;;;;;;;;
0,aleat,28,1,0.0028442610000638524,1;;;;;;;;;;;
0,aleat,28,2,0.003338414000154444,3;;;;;;;;;;;
0,aleat,28,3,0.0021465549998538336,5;;;;;;;;;;;
0,aleat,28,4,0.0028185770001982746,5;;;;;;;;;;;
0,aleat,28,5,0.005078881999907026,6;;;;;;;;;;;
0,aleat,29,1,0.00215132099992843,1;;;;;;;;;;;
0,aleat,29,2,0.003134234999834007,3;;;;;;;;;;;
0,aleat,29,3,0.003549878000285389,4;;;;;;;;;;;
0,aleat,29,4,0.0029216249999990396,5;;;;;;;;;;;
0,aleat,29,5,0.0037029089999123244,6;;;;;;;;;;;
0,aleat,30,1,0.003045873999781179,1;;;;;;;;;;;
0,aleat,30,2,0.0029618720000144094,3;;;;;;;;;;;
0,aleat,30,3,0.002674115999980131,6;;;;;;;;;;;
0,aleat,30,4,0.0030254890002652246,5;;;;;;;;;;;
0,aleat,30,5,0.002870603000246774,5;;;;;;;;;;;
0,gul,1,1,0.0027806820003206667,1;;;;;;;;;;;
0,gul,1,2,0.002401255999757268,1;;;;;;;;;;;
0,gul,1,3,0.001926826999806508,1;;;;;;;;;;;
0,gul,1,4,0.0027182419999007834,1;;;;;;;;;;;
0,gul,1,5,0.003122568999970099,1;;;;;;;;;;;
0,gul,2,1,0.002846112000042922,1;;;;;;;;;;;
0,gul,2,2,0.0026971490001415077,1;;;;;;;;;;;
0,gul,2,3,0.0029105990001880855,1;;;;;;;;;;;
0,gul,2,4,0.002816135000102804,2;;;;;;;;;;;
0,gul,2,5,0.0029910329999438545,2;;;;;;;;;;;
0,gul,3,1,0.003949518000354146,1;;;;;;;;;;;
0,gul,3,2,0.003068901000006008,2;;;;;;;;;;;
0,gul,3,3,0.002855939000255603,2;;;;;;;;;;;
0,gul,3,4,0.002689928000108921,1;;;;;;;;;;;
0,gul,3,5,0.0029637170000569313,2;;;;;;;;;;;
0,gul,4,1,0.003184162999787077,1;;;;;;;;;;;
0,gul,4,2,0.002730269000039698,3;;;;;;;;;;;
0,gul,4,3,0.005799216000013985,2;;;;;;;;;;;
0,gul,4,4,0.0029836449998583703,3;;;;;;;;;;;
0,gul,4,5,0.002687323999907676,3;;;;;;;;;;;
0,gul,5,1,0.002712249000069278,1;;;;;;;;;;;
0,gul,5,2,0.003020089000074222,3;;;;;;;;;;;
0,gul,5,3,0.0028385870000420255,2;;;;;;;;;;;
0,gul,5,4,0.0027231190001657524,2;;;;;;;;;;;
0,gul,5,5,0.00285368799995922,3;;;;;;;;;;;
0,gul,6,1,0.002953782000076899,1;;;;;;;;;;;
0,gul,6,2,0.0029285150003488525,3;;;;;;;;;;;
0,gul,6,3,0.002845893000085198,3;;;;;;;;;;;
0,gul,6,4,0.002321553000001586,3;;;;;;;;;;;
0,gul,6,5,0.0028356679999888,3;;;;;;;;;;;
0,gul,7,1,0.0027694609998434316,1;;;;;;;;;;;
0,gul,7,2,0.0029643269999724,3;;;;;;;;;;;
0,gul,7,3,0.0029268540001794463,4;;;;;;;;;;;
0,gul,7,4,0.0028803769996557094,3;;;;;;;;;;;
0,gul,7,5,0.0029392989999905694,4;;;;;;;;;;;
0,gul,8,1,0.0030406590003622114,1;;;;;;;;;;;
0,gul,8,2,0.002842884000074264,2;;;;;;;;;;;
0,gul,8,3,0.002947929000129079,5;;;;;;;;;;;
0,gul,8,4,0.0030704790001436777,4;;;;;;;;;;;
0,gul,8,5,0.0029535789999499684,3;;;;;;;;;;;
0,gul,9,1,0.0028460190001169394,1;;;;;;;;;;;
0,gul,9,2,0.0028414119997250964,3;;;;;;;;;;;
0,gul,9,3,0.0027407789998505905,2;;;;;;;;;;;
0,gul,9,4,0.002749996000147803,4;;;;;;;;;;;
0,gul,9,5,0.0028034800002387783,4;;;;;;;;;;;
0,gul,10,1,0.0028728709999086277,1;;;;;;;;;;;
0,gul,10,2,0.0026807159997588315,3;;;;;;;;;;;
0,gul,10,3,0.004675615999985894,5;;;;;;;;;;;
0,gul,10,4,0.002824809999765421,5;;;;;;;;;;;
0,gul,10,5,0.002824594999765395,5;;;;;;;;;;;
0,gul,11,1,0.00283163499989314,1;;;;;;;;;;;
0,gul,11,2,0.00280220200011172,3;;;;;;;;;;;
0,gul,11,3,0.003705016999902,4;;;;;;;;;;;
0,gul,11,4,0.0025361999996675877,4;;;;;;;;;;;
0,gul,11,5,0.002778099999886763,5;;;;;;;;;;;
0,gul,12,1,0.002909688000272581,1;;;;;;;;;;;
0,gul,12,2,0.002878156999940984,3;;;;;;;;;;;
0,gul,12,3,0.003348908000134543,5;;;;;;;;;;;
0,gul,12,4,0.0028468160003285448,5;;;;;;;;;;;
0,gul,12,5,0.0031461039998248452,6;;;;;;;;;;;
0,gul,13,1,0.002926038999703451,1;;;;;;;;;;;
0,gul,13,2,0.0027776919996540528,4;;;;;;;;;;;
0,gul,13,3,0.0031009909998829244,4;;;;;;;;;;;
0,gul,13,4,0.002906052000071213,4;;;;;;;;;;;
0,gul,13,5,0.0030059679997975763,4;;;;;;;;;;;
0,gul,14,1,0.0029759080002804694,1;;;;;;;;;;;
0,gul,14,2,0.0020221390000187967,3;;;;;;;;;;;
0,gul,14,3,0.002755304999936925,5;;;;;;;;;;;
0,gul,14,4,0.0028607979998014343,5;;;;;;;;;;;
0,gul,14,5,0.002790063999782433,6;;;;;;;;;;;
0,gul,15,1,0.002716736999900604,1;;;;;;;;;;;
0,gul,15,2,0.002847466999810422,3;;;;;;;;;;;
0,gul,15,3,0.002800804999878892,5;;;;;;;;;;;
0,gul,15,4,0.00378659299985884,5;;;;;;;;;;;
0,gul,15,5,0.0026798979997693095,6;;;;;;;;;;;
0,gul,16,1,0.003984725999998773,1;;;;;;;;;;;
0,gul,16,2,0.0026575420001790917,3;;;;;;;;;;;
0,gul,16,3,0.002187614000376925,5;;;;;;;;;;;
0,gul,16,4,0.0018566560002000188,5;;;;;;;;;;;
0,gul,16,5,0.002826851000008901,4;;;;;;;;;;;
0,gul,17,1,0.002030369999829418,1;;;;;;;;;;;
0,gul,17,2,0.004287652000130038,4;;;;;;;;;;;
0,gul,17,3,0.00273948099993504,5;;;;;;;;;;;
0,gul,17,4,0.0027173319999747036,4;;;;;;;;;;;
0,gul,17,5,0.0029390770000645716,6;;;;;;;;;;;
0,gul,18,1,0.0028942000003553403,1;;;;;;;;;;;
0,gul,18,2,0.0027051289998780703,2;;;;;;;;;;;
0,gul,18,3,0.002715202999752364,4;;;;;;;;;;;
0,gul,18,4,0.0029751890001534775,4;;;;;;;;;;;
0,gul,18,5,0.0027387249997445906,6;;;;;;;;;;;
0,gul,19,1,0.002031251000062184,1;;;;;;;;;;;
0,gul,19,2,0.002325546000065515,3;;;;;;;;;;;
0,gul,19,3,0.002036618999682105,4;;;;;;;;;;;
0,gul,19,4,0.002345803000025626,4;;;;;;;;;;;
0,gul,19,5,0.0021069409999654454,6;;;;;;;;;;;
0,gul,20,1,0.002678760999970109,1;;;;;;;;;;;
0,gul,20,2,0.003019131000201014,4;;;;;;;;;;;
0,gul,20,3,0.002722606999668642,4;;;;;;;;;;;
0,gul,20,4,0.0027607639999587263,5;;;;;;;;;;;
0,gul,20,5,0.0031603879997419426,5;;;;;;;;;;;
0,gul,21,1,0.0027356919999874663,1;;;;;;;;;;;
0,gul,21,2,0.002308699999957753,4;;;;;;;;;;;
0,gul,21,3,0.002335614000003261,5;;;;;;;;;;;
0,gul,21,4,0.0022291450000011537,6;;;;;;;;;;;
0,gul,21,5,0.002830681999967055,5;;;;;;;;;;;
0,gul,22,1,0.0023482910000893753,1;;;;;;;;;;;
0,gul,22,2,0.0022914330002095085,4;;;;;;;;;;;
0,gul,22,3,0.0025343090001115343,6;;;;;;;;;;;
0,gul,22,4,0.0020972030001757958,6;;;;;;;;;;;
0,gul,22,5,0.00224739099985527,5;;;;;;;;;;;
0,gul,23,1,0.002206119999755174,1;;;;;;;;;;;
0,gul,23,2,0.0028126100000918086,3;;;;;;;;;;;
0,gul,23,3,0.0027646579997053777,3;;;;;;;;;;;
0,gul,23,4,0.0029966530000820057,6;;;;;;;;;;;
0,gul,23,5,0.002197467999849323,6;;;;;;;;;;;
0,gul,24,1,0.0028080059996682394,1;;;;;;;;;;;
0,gul,24,2,0.0023791549997440598,4;;;;;;;;;;;
0,gul,24,3,0.004019034000066313,4;;;;;;;;;;;
0,gul,24,4,0.003309354000066378,4;;;;;;;;;;;
0,gul,24,5,0.0029224710001471976,6;;;;;;;;;;;
0,gul,25,1,0.003323306999845954,1;;;;;;;;;;;
0,gul,25,2,0.0029588799998236937,2;;;;;;;;;;;
0,gul,25,3,0.003717463000157295,4;;;;;;;;;;;
0,gul,25,4,0.0026227990001643775,6;;;;;;;;;;;
0,gul,25,5,0.002970068999729847,5;;;;;;;;;;;
0,gul,26,1,0.007248173999869323,1;;;;;;;;;;;
0,gul,26,2,0.0030733890002920816,4;;;;;;;;;;;
0,gul,26,3,0.002344025999718724,6;;;;;;;;;;;
0,gul,26,4,0.0031901069996820297,5;;;;;;;;;;;
0,gul,26,5,0.0029508220000025176,6;;;;;;;;;;;
0,gul,27,1,0.00310331499986205,1;;;;;;;;;;;
0,gul,27,2,0.00336720699988291,4;;;;;;;;;;;
0,gul,27,3,0.0031539779997729056,5;;;;;;;;;;;
0,gul,27,4,0.002356541000153811,5;;;;;;;;;;;
0,gul,27,5,0.0036069879997739918,6;;;;;;;;;;;
0,gul,28,1,0.003095778999977483,1;;;;;;;;;;;
0,gul,28,2,0.0033756020002329024,3;;;;;;;;;;;
0,gul,28,3,0.0024884819999897445,6;;;;;;;;;;;
0,gul,28,4,0.004793876999883651,6;;;;;;;;;;;
0,gul,28,5,0.0032467810001435282,7;;;;;;;;;;;
0,gul,29,1,0.0031440660000043863,1;;;;;;;;;;;
0,gul,29,2,0.003387069999917003,3;;;;;;;;;;;
0,gul,29,3,0.002421475000119244,5;;;;;;;;;;;
0,gul,29,4,0.002971924000121362,7;;;;;;;;;;;
0,gul,29,5,0.0023654450001231453,7;;;;;;;;;;;
0,gul,30,1,0.0032619060002616607,1;;;;;;;;;;;
0,gul,30,2,0.0031209369999487535,3;;;;;;;;;;;
0,gul,30,3,0.004362849000244751,6;;;;;;;;;;;
0,gul,30,4,0.0032069240000964783,5;;;;;;;;;;;
0,gul,30,5,0.003208483999969758,6;;;;;;;;;;;
0,exau,1,1,0.0038111620001473057,1;;;;;;;;;;;
0,exau,1,2,0.0036971859999539447,1;;;;;;;;;;;
0,exau,1,3,0.0029359770001065044,1;;;;;;;;;;;
0,exau,1,4,0.003060346000438585,1;;;;;;;;;;;
0,exau,1,5,0.0031017520000204968,1;;;;;;;;;;;
0,exau,2,1,0.0033598939999137656,1;;;;;;;;;;;
0,exau,2,2,0.0031780029999026738,1;;;;;;;;;;;
0,exau,2,3,0.003143349000310991,1;;;;;;;;;;;
0,exau,2,4,0.0045245179999255924,2;;;;;;;;;;;
0,exau,2,5,0.0031466919999729726,2;;;;;;;;;;;
0,exau,3,1,0.003148151000004873,1;;;;;;;;;;;
0,exau,3,2,0.0032324290000360634,2;;;;;;;;;;;
0,exau,3,3,0.003308837000076892,2;;;;;;;;;;;
0,exau,3,4,0.003038414999991801,1;;;;;;;;;;;
0,exau,3,5,0.0029441450001286285,2;;;;;;;;;;;
0,exau,4,1,0.0030018909997124865,1;;;;;;;;;;;
0,exau,4,2,0.003157877999910852,3;;;;;;;;;;;
0,exau,4,3,0.0030913029995645047,2;;;;;;;;;;;
0,exau,4,4,0.0031961360000423156,3;;;;;;;;;;;
0,exau,4,5,0.0030857920000926242,3;;;;;;;;;;;
0,exau,5,1,0.0031614229997103394,1;;;;;;;;;;;
0,exau,5,2,0.0026429980002831144,3;;;;;;;;;;;
0,exau,5,3,0.0025726520002535835,2;;;;;;;;;;;
0,exau,5,4,0.0023579570001857064,2;;;;;;;;;;;
0,exau,5,5,0.0030288059997474193,3;;;;;;;;;;;
0,exau,6,1,0.003143210999951407,1;;;;;;;;;;;
0,exau,6,2,0.003542062000178703,3;;;;;;;;;;;
0,exau,6,3,0.0036101129999224213,3;;;;;;;;;;;
0,exau,6,4,0.004686546999892016,3;;;;;;;;;;;
0,exau,6,5,0.0028084289997423184,3;;;;;;;;;;;
0,exau,7,1,0.0031384130002152233,1;;;;;;;;;;;
0,exau,7,2,0.0026887539997915155,3;;;;;;;;;;;
0,exau,7,3,0.0033589029999347986,4;;;;;;;;;;;
0,exau,7,4,0.0036216769999555254,3;;;;;;;;;;;
0,exau,7,5,0.004256208000242623,4;;;;;;;;;;;
0,exau,8,1,0.002856815000086499,1;;;;;;;;;;;
0,exau,8,2,0.0032076140000754094,3;;;;;;;;;;;
0,exau,8,3,0.00483249099988825,5;;;;;;;;;;;
0,exau,8,4,0.003572098999939044,4;;;;;;;;;;;
0,exau,8,5,0.004559137999876839,3;;;;;;;;;;;
0,exau,9,1,0.004638717000034376,1;;;;;;;;;;;
0,exau,9,2,0.0054789460000392864,3;;;;;;;;;;;
0,exau,9,3,0.004962997999882646,3;;;;;;;;;;;
0,exau,9,4,0.005001478999929532,4;;;;;;;;;;;
0,exau,9,5,0.0048386149996986205,4;;;;;;;;;;;
0,exau,10,1,0.0064509710000493214,1;;;;;;;;;;;
0,exau,10,2,0.007784922000155348,3;;;;;;;;;;;
0,exau,10,3,0.009824918000049365,5;;;;;;;;;;;
0,exau,10,4,0.01008084199975201,5;;;;;;;;;;;
0,exau,10,5,0.009160767000139458,5;;;;;;;;;;;
0,exau,11,1,0.011216072000024724,1;;;;;;;;;;;
0,exau,11,2,0.013848529000370036,3;;;;;;;;;;;
0,exau,11,3,0.01649595400022008,4;;;;;;;;;;;
0,exau,11,4,0.015323628999794892,4;;;;;;;;;;;
0,exau,11,5,0.0178161320000072,5;;;;;;;;;;;
0,exau,12,1,0.017634318000091298,1;;;;;;;;;;;
0,exau,12,2,0.02817518099982408,3;;;;;;;;;;;
0,exau,12,3,0.029326850999950693,5;;;;;;;;;;;
0,exau,12,4,0.03338546299983136,6;;;;;;;;;;;
0,exau,12,5,0.03202697899996565,5;;;;;;;;;;;
0,exau,13,1,0.043013140999846655,1;;;;;;;;;;;
0,exau,13,2,0.05661343800011309,4;;;;;;;;;;;
0,exau,13,3,0.06602303299996493,4;;;;;;;;;;;
0,exau,13,4,0.061702857999989646,4;;;;;;;;;;;
0,exau,13,5,0.06444909199990434,5;;;;;;;;;;;
0,exau,14,1,0.0762520879998192,1;;;;;;;;;;;
0,exau,14,2,0.08505828499983181,3;;;;;;;;;;;
0,exau,14,3,0.06131284699995376,5;;;;;;;;;;;
0,exau,14,4,0.06553244999986418,4;;;;;;;;;;;
0,exau,14,5,0.08164541899986943,6;;;;;;;;;;;
0,exau,15,1,0.09163497999998071,1;;;;;;;;;;;
0,exau,15,2,0.11220839099996738,3;;;;;;;;;;;
0,exau,15,3,0.14066561900017405,6;;;;;;;;;;;
0,exau,15,4,0.15783991599982983,6;;;;;;;;;;;
0,exau,15,5,0.19037900799958152,6;;;;;;;;;;;
0,exau,16,1,0.18563560399979906,1;;;;;;;;;;;
0,exau,16,2,0.3061559320003653,3;;;;;;;;;;;
0,exau,16,3,0.2661664719998953,5;;;;;;;;;;;
0,exau,16,4,0.3562600059999568,5;;;;;;;;;;;
0,exau,16,5,0.30634186699990096,5;;;;;;;;;;;
0,exau,17,1,0.3533253479999985,1;;;;;;;;;;;
0,exau,17,2,0.6020379049996336,4;;;;;;;;;;;
0,exau,17,3,0.7674986890001492,5;;;;;;;;;;;
0,exau,17,4,0.6764249019997806,5;;;;;;;;;;;
0,exau,17,5,0.7398099679999177,6;;;;;;;;;;;
0,exau,18,1,0.9656388890002745,1;;;;;;;;;;;
0,exau,18,2,1.1755267120001918,2;;;;;;;;;;;
0,exau,18,3,1.3550518629999715,5;;;;;;;;;;;
0,exau,18,4,1.7580352439999842,4;;;;;;;;;;;
0,exau,18,5,2.401732520999758,6;;;;;;;;;;;
0,exau,19,1,1.6493124789999456,1;;;;;;;;;;;
0,exau,19,2,2.796327614999882,3;;;;;;;;;;;
0,exau,19,3,3.6858674669997527,4;;;;;;;;;;;
0,exau,19,4,3.158313810999971,4;;;;;;;;;;;
0,exau,19,5,3.478851450000093,7;;;;;;;;;;;
0,exau,20,1,3.5787100259999534,1;;;;;;;;;;;
0,exau,20,2,7.617310626999824,4;;;;;;;;;;;
0,exau,20,3,6.824087239999699,4;;;;;;;;;;;
0,exau,20,4,7.675281513999835,5;;;;;;;;;;;
0,exau,20,5,6.964201111999955,5;;;;;;;;;;;
0,exau,21,1,8.422186640999826,1;;;;;;;;;;;
0,exau,21,2,13.085506076999991,4;;;;;;;;;;;
0,exau,21,3,15.08098178399996,5;;;;;;;;;;;
0,exau,21,4,16.384664938999776,6;;;;;;;;;;;
0,exau,21,5,17.216934906000006,5;;;;;;;;;;;
0,exau,22,1,17.991519078999772,1;;;;;;;;;;;
0,exau,22,2,26.88485272000071,4;;;;;;;;;;;
0,exau,22,3,31.012919476000206,6;;;;;;;;;;;
0,exau,22,4,33.76769653700012,5;;;;;;;;;;;
0,exau,22,5,28.453252936000354,5;;;;;;;;;;;
0,exau,23,1,35.74632578599994,1;;;;;;;;;;;
0,exau,23,2,58.05981993400019,3;;;;;;;;;;;
0,exau,23,3,57.41990686400004,3;;;;;;;;;;;
0,exau,23,4,67.49013234099948,6;;;;;;;;;;;
0,exau_parall,1,1,0.003211085999282659,;;;;;;;;;;;
0,exau_parall,1,2,0.0029622210004163207,;;;;;;;;;;;
0,exau_parall,1,3,0.0022936800005481928,;;;;;;;;;;;
0,exau_parall,1,4,0.002071155000521685,;;;;;;;;;;;
0,exau_parall,1,5,0.001952517999598058,;;;;;;;;;;;
0,exau_parall,2,1,0.0028291460002947133,;;;;;;;;;;;
0,exau_parall,2,2,0.0021190190000197617,;;;;;;;;;;;
0,exau_parall,2,3,0.0018115670000042883,;;;;;;;;;;;
0,exau_parall,2,4,0.0019503819994497462,;;;;;;;;;;;
0,exau_parall,2,5,0.0018706830005612574,;;;;;;;;;;;
0,exau_parall,3,1,0.001961543000106758,;;;;;;;;;;;
0,exau_parall,3,2,0.0019515760004651383,;;;;;;;;;;;
0,exau_parall,3,3,0.0020093129996894277,;;;;;;;;;;;
0,exau_parall,3,4,0.0021684349994757213,;;;;;;;;;;;
0,exau_parall,3,5,0.00209471800008032,;;;;;;;;;;;
0,exau_parall,4,1,0.001948706000803213,;;;;;;;;;;;
0,exau_parall,4,2,0.0021175040001253365,;;;;;;;;;;;
0,exau_parall,4,3,0.0022203979997357237,;;;;;;;;;;;
0,exau_parall,4,4,0.0020826620002480922,;;;;;;;;;;;
0,exau_parall,4,5,0.0018655109997780528,;;;;;;;;;;;
0,exau_parall,5,1,0.0020993099997212994,;;;;;;;;;;;
0,exau_parall,5,2,0.0019561669996619457,;;;;;;;;;;;
0,exau_parall,5,3,0.0019441630001892918,;;;;;;;;;;;
0,exau_parall,5,4,0.002126542000041809,;;;;;;;;;;;
0,exau_parall,5,5,0.002000796000174887,;;;;;;;;;;;
0,exau_parall,6,1,0.0019600670002546394,;;;;;;;;;;;
0,exau_parall,6,2,0.0020049849999850267,;;;;;;;;;;;
0,exau_parall,6,3,0.0020053049993293826,;;;;;;;;;;;
0,exau_parall,6,4,0.0020176660000288393,;;;;;;;;;;;
0,exau_parall,6,5,0.002034653000009712,;;;;;;;;;;;
0,exau_parall,7,1,0.0020607460000974243,;;;;;;;;;;;
0,exau_parall,7,2,0.01166203599950677,;;;;;;;;;;;
0,exau_parall,7,3,0.0025567900001988164,;;;;;;;;;;;
0,exau_parall,7,4,0.0020963890001439722,;;;;;;;;;;;
0,exau_parall,7,5,0.002379716000177723,;;;;;;;;;;;
0,exau_parall,8,1,0.0024025040002015885,;;;;;;;;;;;
0,exau_parall,8,2,0.0023898920007923152,;;;;;;;;;;;
0,exau_parall,8,3,0.003140908000204945,;;;;;;;;;;;
0,exau_parall,8,4,0.0031650809996790485,;;;;;;;;;;;
0,exau_parall,8,5,0.002723431999584136,;;;;;;;;;;;
0,exau_parall,9,1,0.0027894700006072526,;;;;;;;;;;;
0,exau_parall,9,2,0.0033673289999569533,;;;;;;;;;;;
0,exau_parall,9,3,0.0033927939994100598,;;;;;;;;;;;
0,exau_parall,9,4,0.0035322379999342957,;;;;;;;;;;;
0,exau_parall,9,5,0.003161151999847789,;;;;;;;;;;;
0,exau_parall,10,1,0.00519893700038665,;;;;;;;;;;;
0,exau_parall,10,2,0.00468760899912013,;;;;;;;;;;;
0,exau_parall,10,3,0.0066919699993377435,;;;;;;;;;;;
0,exau_parall,10,4,0.005866137000339222,;;;;;;;;;;;
0,exau_parall,10,5,0.005467297999530274,;;;;;;;;;;;
0,exau_parall,11,1,0.005434255999716697,;;;;;;;;;;;
0,exau_parall,11,2,0.01076092399944173,;;;;;;;;;;;
0,exau_parall,11,3,0.013695843000277819,;;;;;;;;;;;
0,exau_parall,11,4,0.01035847500043019,;;;;;;;;;;;
0,exau_parall,11,5,0.0113220690000162,;;;;;;;;;;;
0,exau_parall,12,1,0.009868160000223725,;;;;;;;;;;;
0,exau_parall,12,2,0.0162072299999636,;;;;;;;;;;;
0,exau_parall,12,3,0.017659701999946265,;;;;;;;;;;;
0,exau_parall,12,4,0.019226456999604125,;;;;;;;;;;;
0,exau_parall,12,5,0.018020162999164313,;;;;;;;;;;;
0,exau_parall,13,1,0.0220243620005931,;;;;;;;;;;;
0,exau_parall,13,2,0.03386323699942295,;;;;;;;;;;;
0,exau_parall,13,3,0.045269496999935654,;;;;;;;;;;;
0,exau_parall,13,4,0.03594480599986127,;;;;;;;;;;;
0,exau_parall,13,5,0.038860088000546966,;;;;;;;;;;;
0,exau_parall,14,1,0.04759120500057179,;;;;;;;;;;;
0,exau_parall,14,2,0.072300943999835,;;;;;;;;;;;
0,exau_parall,14,3,0.06630109600064316,;;;;;;;;;;;
0,exau_parall,14,4,0.07763381299992034,;;;;;;;;;;;
0,exau_parall,14,5,0.095237157000156,;;;;;;;;;;;
0,exau_parall,15,1,0.09402824000062537,;;;;;;;;;;;
0,exau_parall,15,2,0.12706814499961183,;;;;;;;;;;;
0,exau_parall,15,3,0.16382355599944276,;;;;;;;;;;;
0,exau_parall,15,4,0.18601106999994954,;;;;;;;;;;;
0,exau_parall,15,5,0.21790174000034312,;;;;;;;;;;;
0,exau_parall,16,1,0.2176726959996813,;;;;;;;;;;;
0,exau_parall,16,2,0.3417555559999528,;;;;;;;;;;;
0,exau_parall,16,3,0.3184608900000967,;;;;;;;;;;;
0,exau_parall,16,4,0.3862516230001347,;;;;;;;;;;;
0,exau_parall,16,5,0.34604968700023164,;;;;;;;;;;;
0,exau_parall,17,1,0.3743446190001123,;;;;;;;;;;;
0,exau_parall,17,2,0.6666316540004118,;;;;;;;;;;;
0,exau_parall,17,3,0.8088055289999829,;;;;;;;;;;;
0,exau_parall,17,4,0.7256661589999567,;;;;;;;;;;;
0,exau_parall,17,5,0.8448939270001574,;;;;;;;;;;;
0,exau_parall,18,1,0.9953663759997653,;;;;;;;;;;;
0,exau_parall,18,2,1.6651843729996472,;;;;;;;;;;;
0,exau_parall,18,3,2.2907839030003743,;;;;;;;;;;;
0,exau_parall,18,4,1.5189675849997002,;;;;;;;;;;;
0,exau_parall,18,5,1.8568709910005055,;;;;;;;;;;;
0,exau_parall,19,1,1.6739498050001203,;;;;;;;;;;;
0,exau_parall,19,2,3.1757948710001074,;;;;;;;;;;;
0,exau_parall,19,3,4.415591941000457,;;;;;;;;;;;
0,exau_parall,19,4,2.3557022420000067,;;;;;;;;;;;
0,exau_parall,19,5,3.504196237000542,;;;;;;;;;;;
0,exau_parall,20,1,3.6503039549997993,;;;;;;;;;;;
0,exau_parall,20,2,8.199675472000308,;;;;;;;;;;;
0,exau_parall,20,3,8.658189042999766,;;;;;;;;;;;
0,exau_parall,20,4,6.733716275000006,;;;;;;;;;;;
0,exau_parall,20,5,7.939722787000392,;;;;;;;;;;;
0,exau_parall,21,1,9.09372930599966,;;;;;;;;;;;
0,exau_parall,21,2,13.547123276000093,;;;;;;;;;;;
0,exau_parall,21,3,16.33528075599952,;;;;;;;;;;;
0,exau_parall,21,4,16.4265805240002,;;;;;;;;;;;
0,exau_parall,21,5,20.184215686000243,;;;;;;;;;;;
0,exau_parall,22,1,18.12839593499939,;;;;;;;;;;;
0,exau_parall,22,2,29.88080029699995,;;;;;;;;;;;
0,exau_parall,22,3,32.85235739899963,;;;;;;;;;;;
0,exau_parall,22,4,37.01885827299975,;;;;;;;;;;;
0,exau_parall,22,5,31.874483939999664,;;;;;;;;;;;
0,exau_parall,23,1,35.47638825800004,;;;;;;;;;;;
0,exau_parall,23,2,62.53111752299992,;;;;;;;;;;;
0,exau_gpu,1,1,0.12750956299987593,;;;;;;;;;;;
0,exau_gpu,1,2,0.10736143799931597,;;;;;;;;;;;
0,exau_gpu,1,3,0.10238739600026747,;;;;;;;;;;;
0,exau_gpu,1,4,0.11056818300039595,;;;;;;;;;;;
0,exau_gpu,1,5,0.1084574229998907,;;;;;;;;;;;
0,exau_gpu,2,1,0.11472380499981227,;;;;;;;;;;;
0,exau_gpu,2,2,0.1046188299997084,;;;;;;;;;;;
0,exau_gpu,2,3,0.10695085099996504,;;;;;;;;;;;
0,exau_gpu,2,4,0.1083693789996687,;;;;;;;;;;;
0,exau_gpu,2,5,0.10810811899955297,;;;;;;;;;;;
0,exau_gpu,3,1,0.10315956799968262,;;;;;;;;;;;
0,exau_gpu,3,2,0.10746638599994185,;;;;;;;;;;;
0,exau_gpu,3,3,0.10738158300046052,;;;;;;;;;;;
0,exau_gpu,3,4,0.11262272099975235,;;;;;;;;;;;
0,exau_gpu,3,5,0.10829816400018899,;;;;;;;;;;;
0,exau_gpu,4,1,0.10624270900007105,;;;;;;;;;;;
0,exau_gpu,4,2,0.10678585999994539,;;;;;;;;;;;
0,exau_gpu,4,3,0.11038755100071285,;;;;;;;;;;;
0,exau_gpu,4,4,0.10453468500054441,;;;;;;;;;;;
0,exau_gpu,4,5,0.10907309699996404,;;;;;;;;;;;
0,exau_gpu,5,1,0.10316623799917579,;;;;;;;;;;;
0,exau_gpu,5,2,0.10941850299968792,;;;;;;;;;;;
0,exau_gpu,5,3,0.1095486490003168,;;;;;;;;;;;
0,exau_gpu,5,4,0.11512631099958526,;;;;;;;;;;;
0,exau_gpu,5,5,0.11072055400018144,;;;;;;;;;;;
0,exau_gpu,6,1,0.1085121899996011,;;;;;;;;;;;
0,exau_gpu,6,2,0.10419530199942528,;;;;;;;;;;;
0,exau_gpu,6,3,0.1126463810005589,;;;;;;;;;;;
0,exau_gpu,6,4,0.10353562399996008,;;;;;;;;;;;
0,exau_gpu,6,5,0.10638308800025698,;;;;;;;;;;;
0,exau_gpu,7,1,0.10552917699988029,;;;;;;;;;;;
0,exau_gpu,7,2,0.1118490759999986,;;;;;;;;;;;
0,exau_gpu,7,3,0.1154824280001776,;;;;;;;;;;;
0,exau_gpu,7,4,0.10604236200015293,;;;;;;;;;;;
0,exau_gpu,7,5,0.10472351199950936,;;;;;;;;;;;
0,exau_gpu,8,1,0.10610902300049929,;;;;;;;;;;;
0,exau_gpu,8,2,0.10459280600025522,;;;;;;;;;;;
0,exau_gpu,8,3,0.10893655700056115,;;;;;;;;;;;
0,exau_gpu,8,4,0.10464082399994368,;;;;;;;;;;;
0,exau_gpu,8,5,0.10898908500075777,;;;;;;;;;;;
0,exau_gpu,9,1,0.10690604299998085,;;;;;;;;;;;
0,exau_gpu,9,2,0.11312327599989658,;;;;;;;;;;;
0,exau_gpu,9,3,0.10959025600004679,;;;;;;;;;;;
0,exau_gpu,9,4,0.109291507999842,;;;;;;;;;;;
0,exau_gpu,9,5,0.10902266399989458,;;;;;;;;;;;
0,exau_gpu,10,1,0.10556513400024414,;;;;;;;;;;;
0,exau_gpu,10,2,0.10575004600013926,;;;;;;;;;;;
0,exau_gpu,10,3,0.10663926500001253,;;;;;;;;;;;
0,exau_gpu,10,4,0.10423379200074123,;;;;;;;;;;;
0,exau_gpu,10,5,0.10772610999993049,;;;;;;;;;;;
0,exau_gpu,11,1,0.11061687799974607,;;;;;;;;;;;
0,exau_gpu,11,2,0.10680961700018088,;;;;;;;;;;;
0,exau_gpu,11,3,0.10717562500030908,;;;;;;;;;;;
0,exau_gpu,11,4,0.11125533300037205,;;;;;;;;;;;
0,exau_gpu,11,5,0.10500796199994511,;;;;;;;;;;;
0,exau_gpu,12,1,0.10738116700031242,;;;;;;;;;;;
0,exau_gpu,12,2,0.10332346499944833,;;;;;;;;;;;
0,exau_gpu,12,3,0.11390670299988415,;;;;;;;;;;;
0,exau_gpu,12,4,0.10647594399961235,;;;;;;;;;;;
0,exau_gpu,12,5,0.11613917900012893,;;;;;;;;;;;
0,exau_gpu,13,1,0.10816988700025831,;;;;;;;;;;;
0,exau_gpu,13,2,0.11631613800000196,;;;;;;;;;;;
0,exau_gpu,13,3,0.11048594899966702,;;;;;;;;;;;
0,exau_gpu,13,4,0.1058524939999188,;;;;;;;;;;;
0,exau_gpu,13,5,0.1056945860000269,;;;;;;;;;;;
0,exau_gpu,14,1,0.11184880200016778,;;;;;;;;;;;
0,exau_gpu,14,2,0.10704391800027224,;;;;;;;;;;;
0,exau_gpu,14,3,0.11167434599974513,;;;;;;;;;;;
0,exau_gpu,14,4,0.1073198220001359,;;;;;;;;;;;
0,exau_gpu,14,5,0.10706624600061332,;;;;;;;;;;;
0,exau_gpu,15,1,0.11123778399996809,;;;;;;;;;;;
0,exau_gpu,15,2,0.11179004299992812,;;;;;;;;;;;
0,exau_gpu,15,3,0.10465848100011499,;;;;;;;;;;;
0,exau_gpu,15,4,0.1055642479996095,;;;;;;;;;;;
0,exau_gpu,15,5,0.10668036700008088,;;;;;;;;;;;
0,exau_gpu,16,1,0.11071037799956684,;;;;;;;;;;;
0,exau_gpu,16,2,0.10934107200046128,;;;;;;;;;;;
0,exau_gpu,16,3,0.10621336100030021,;;;;;;;;;;;
0,exau_gpu,16,4,0.11298183300004894,;;;;;;;;;;;
0,exau_gpu,16,5,0.1101474760007477,;;;;;;;;;;;
0,exau_gpu,17,1,0.10689875000025495,;;;;;;;;;;;
0,exau_gpu,17,2,0.10865212600037921,;;;;;;;;;;;
0,exau_gpu,17,3,0.10982804400009627,;;;;;;;;;;;
0,exau_gpu,17,4,0.10871984200002771,;;;;;;;;;;;
0,exau_gpu,17,5,0.10915898899929743,;;;;;;;;;;;
0,exau_gpu,18,1,0.12529813400033163,;;;;;;;;;;;
0,exau_gpu,18,2,0.1438279189997047,;;;;;;;;;;;
0,exau_gpu,18,3,0.14341988900014258,;;;;;;;;;;;
0,exau_gpu,18,4,0.14688454499992076,;;;;;;;;;;;
0,exau_gpu,18,5,0.15826968300007138,;;;;;;;;;;;
0,exau_gpu,19,1,0.1448981809999168,;;;;;;;;;;;
0,exau_gpu,19,2,0.14597992800008797,;;;;;;;;;;;
0,exau_gpu,19,3,0.15532931799953076,;;;;;;;;;;;
0,exau_gpu,19,4,0.14903012800004944,;;;;;;;;;;;
0,exau_gpu,19,5,0.14594642299925908,;;;;;;;;;;;
0,exau_gpu,20,1,0.15261637799994787,;;;;;;;;;;;
0,exau_gpu,20,2,0.15123173800020595,;;;;;;;;;;;
0,exau_gpu,20,3,0.1579566349992092,;;;;;;;;;;;
0,exau_gpu,20,4,0.17546955299985711,;;;;;;;;;;;
0,exau_gpu,20,5,0.15008337899962498,;;;;;;;;;;;
0,exau_gpu,21,1,0.14188675199966383,;;;;;;;;;;;
0,exau_gpu,21,2,0.15255928199985647,;;;;;;;;;;;
0,exau_gpu,21,3,0.14650809500017203,;;;;;;;;;;;
0,exau_gpu,21,4,0.15771802200015372,;;;;;;;;;;;
0,exau_gpu,21,5,0.14338959500037163,;;;;;;;;;;;
0,exau_gpu,22,1,0.1705628740000975,;;;;;;;;;;;
0,exau_gpu,22,2,0.17734289600048214,;;;;;;;;;;;
0,exau_gpu,22,3,0.18042017100015073,;;;;;;;;;;;
0,exau_gpu,22,4,0.1778425510001398,;;;;;;;;;;;
0,exau_gpu,22,5,0.18976961400039727,;;;;;;;;;;;
0,exau_gpu,23,1,0.21949909000068146,;;;;;;;;;;;
0,exau_gpu,23,2,0.1929389219994846,;;;;;;;;;;;
0,exau_gpu,23,3,0.2033795099996496,;;;;;;;;;;;
0,exau_gpu,23,4,0.16921077099959803,;;;;;;;;;;;
0,exau_gpu,23,5,0.1887493619997258,;;;;;;;;;;;
0,exau_gpu,24,1,0.2108046999992439,;;;;;;;;;;;
0,exau_gpu,24,2,0.1937056560000201,;;;;;;;;;;;
0,exau_gpu,24,3,0.21995192500071425,;;;;;;;;;;;
0,exau_gpu,24,4,0.21585111300009885,;;;;;;;;;;;
0,exau_gpu,24,5,0.2105235740000353,;;;;;;;;;;;
0,exau_gpu,25,1,0.2796725489997698,;;;;;;;;;;;
0,exau_gpu,25,2,0.31836522499997955,;;;;;;;;;;;
0,exau_gpu,25,3,0.2804332940004315,;;;;;;;;;;;
0,exau_gpu,25,4,0.3156877129995337,;;;;;;;;;;;
0,exau_gpu,25,5,0.33971536299941363,;;;;;;;;;;;
0,exau_gpu,26,1,0.44516354500046873,;;;;;;;;;;;
0,exau_gpu,26,2,0.5024849950004864,;;;;;;;;;;;
0,exau_gpu,26,3,0.5466477620002479,;;;;;;;;;;;
0,exau_gpu,26,4,0.6322222930002681,;;;;;;;;;;;
0,exau_gpu,26,5,0.6549583320002057,;;;;;;;;;;;
0,exau_gpu,27,1,0.795743620000394,;;;;;;;;;;;
0,exau_gpu,27,2,0.8887220830001752,;;;;;;;;;;;
0,exau_gpu,27,3,1.0279333570006202,;;;;;;;;;;;
0,exau_gpu,27,4,1.0831771299999673,;;;;;;;;;;;
0,exau_gpu,27,5,1.0021580479997283,;;;;;;;;;;;
0,exau_gpu,28,1,1.4951149689995873,;;;;;;;;;;;
0,exau_gpu,28,2,1.7720933390000937,;;;;;;;;;;;
0,exau_gpu,28,3,1.8277043179996326,;;;;;;;;;;;
0,exau_gpu,28,4,1.7745348070002365,;;;;;;;;;;;
0,exau_gpu,28,5,2.1209826389995214,;;;;;;;;;;;
0,exau_gpu,29,1,2.884722236000016,;;;;;;;;;;;
0,exau_gpu,29,2,3.2438732179998624,;;;;;;;;;;;
0,exau_gpu,29,3,3.7749474560005183,;;;;;;;;;;;
0,exau_gpu,29,4,4.1228135359997395,;;;;;;;;;;;
0,exau_gpu,29,5,4.030747117999454,;;;;;;;;;;;
0,exau_gpu,30,1,5.613219273000141,;;;;;;;;;;;
0,exau_gpu,30,2,6.632687799999985,;;;;;;;;;;;
0,exau_gpu,30,3,6.849793258999853,;;;;;;;;;;;
0,exau_gpu,30,4,7.073233746999904,;;;;;;;;;;;
0,exau_gpu,30,5,6.902857385000061,;;;;;;;;;;;
